image_path	image_label_instance
171206_025742296_Camera_6.jpg	171206_025742296_Camera_6_instanceIds.png
171206_025742517_Camera_6.jpg	171206_025742517_Camera_6_instanceIds.png
171206_025742738_Camera_6.jpg	171206_025742738_Camera_6_instanceIds.png
171206_025742959_Camera_6.jpg	171206_025742959_Camera_6_instanceIds.png
171206_025743180_Camera_6.jpg	171206_025743180_Camera_6_instanceIds.png
171206_025743401_Camera_6.jpg	171206_025743401_Camera_6_instanceIds.png
171206_025743602_Camera_6.jpg	171206_025743602_Camera_6_instanceIds.png
171206_025743803_Camera_6.jpg	171206_025743803_Camera_6_instanceIds.png
171206_025744004_Camera_6.jpg	171206_025744004_Camera_6_instanceIds.png
171206_025744205_Camera_6.jpg	171206_025744205_Camera_6_instanceIds.png
171206_025744406_Camera_6.jpg	171206_025744406_Camera_6_instanceIds.png
171206_025744607_Camera_6.jpg	171206_025744607_Camera_6_instanceIds.png
171206_025744808_Camera_6.jpg	171206_025744808_Camera_6_instanceIds.png
171206_025745009_Camera_6.jpg	171206_025745009_Camera_6_instanceIds.png
171206_025745190_Camera_6.jpg	171206_025745190_Camera_6_instanceIds.png
171206_025745371_Camera_6.jpg	171206_025745371_Camera_6_instanceIds.png
171206_025745552_Camera_6.jpg	171206_025745552_Camera_6_instanceIds.png
171206_025745733_Camera_6.jpg	171206_025745733_Camera_6_instanceIds.png
171206_025745914_Camera_6.jpg	171206_025745914_Camera_6_instanceIds.png
171206_025746095_Camera_6.jpg	171206_025746095_Camera_6_instanceIds.png
171206_025746276_Camera_6.jpg	171206_025746276_Camera_6_instanceIds.png
171206_025746457_Camera_6.jpg	171206_025746457_Camera_6_instanceIds.png
171206_025746638_Camera_6.jpg	171206_025746638_Camera_6_instanceIds.png
171206_025746819_Camera_6.jpg	171206_025746819_Camera_6_instanceIds.png
171206_025747000_Camera_6.jpg	171206_025747000_Camera_6_instanceIds.png
171206_025747181_Camera_6.jpg	171206_025747181_Camera_6_instanceIds.png
171206_025747362_Camera_6.jpg	171206_025747362_Camera_6_instanceIds.png
171206_025747543_Camera_6.jpg	171206_025747543_Camera_6_instanceIds.png
171206_025747704_Camera_6.jpg	171206_025747704_Camera_6_instanceIds.png
171206_025747865_Camera_6.jpg	171206_025747865_Camera_6_instanceIds.png
171206_025748026_Camera_6.jpg	171206_025748026_Camera_6_instanceIds.png
171206_025748187_Camera_6.jpg	171206_025748187_Camera_6_instanceIds.png
171206_025748348_Camera_6.jpg	171206_025748348_Camera_6_instanceIds.png
171206_025748509_Camera_6.jpg	171206_025748509_Camera_6_instanceIds.png
171206_025748670_Camera_6.jpg	171206_025748670_Camera_6_instanceIds.png
171206_025748831_Camera_6.jpg	171206_025748831_Camera_6_instanceIds.png
171206_025748992_Camera_6.jpg	171206_025748992_Camera_6_instanceIds.png
171206_025749153_Camera_6.jpg	171206_025749153_Camera_6_instanceIds.png
171206_025749314_Camera_6.jpg	171206_025749314_Camera_6_instanceIds.png
171206_025749475_Camera_6.jpg	171206_025749475_Camera_6_instanceIds.png
171206_025749636_Camera_6.jpg	171206_025749636_Camera_6_instanceIds.png
171206_025749797_Camera_6.jpg	171206_025749797_Camera_6_instanceIds.png
171206_025749958_Camera_6.jpg	171206_025749958_Camera_6_instanceIds.png
171206_025750119_Camera_6.jpg	171206_025750119_Camera_6_instanceIds.png
171206_025750280_Camera_6.jpg	171206_025750280_Camera_6_instanceIds.png
171206_025750441_Camera_6.jpg	171206_025750441_Camera_6_instanceIds.png
171206_025750602_Camera_6.jpg	171206_025750602_Camera_6_instanceIds.png
171206_025750763_Camera_6.jpg	171206_025750763_Camera_6_instanceIds.png
171206_025750924_Camera_6.jpg	171206_025750924_Camera_6_instanceIds.png
171206_025751085_Camera_6.jpg	171206_025751085_Camera_6_instanceIds.png
171206_025751246_Camera_6.jpg	171206_025751246_Camera_6_instanceIds.png
171206_025751407_Camera_6.jpg	171206_025751407_Camera_6_instanceIds.png
171206_025751568_Camera_6.jpg	171206_025751568_Camera_6_instanceIds.png
171206_025751729_Camera_6.jpg	171206_025751729_Camera_6_instanceIds.png
171206_025751890_Camera_6.jpg	171206_025751890_Camera_6_instanceIds.png
171206_025752051_Camera_6.jpg	171206_025752051_Camera_6_instanceIds.png
171206_025752212_Camera_6.jpg	171206_025752212_Camera_6_instanceIds.png
171206_025752373_Camera_6.jpg	171206_025752373_Camera_6_instanceIds.png
171206_025752534_Camera_6.jpg	171206_025752534_Camera_6_instanceIds.png
171206_025752695_Camera_6.jpg	171206_025752695_Camera_6_instanceIds.png
171206_025752856_Camera_6.jpg	171206_025752856_Camera_6_instanceIds.png
171206_025753017_Camera_6.jpg	171206_025753017_Camera_6_instanceIds.png
171206_025753178_Camera_6.jpg	171206_025753178_Camera_6_instanceIds.png
171206_025753339_Camera_6.jpg	171206_025753339_Camera_6_instanceIds.png
171206_025753500_Camera_6.jpg	171206_025753500_Camera_6_instanceIds.png
171206_025753661_Camera_6.jpg	171206_025753661_Camera_6_instanceIds.png
171206_025753822_Camera_6.jpg	171206_025753822_Camera_6_instanceIds.png
171206_025753983_Camera_6.jpg	171206_025753983_Camera_6_instanceIds.png
171206_025754144_Camera_6.jpg	171206_025754144_Camera_6_instanceIds.png
171206_025754304_Camera_6.jpg	171206_025754304_Camera_6_instanceIds.png
171206_025754465_Camera_6.jpg	171206_025754465_Camera_6_instanceIds.png
171206_025754626_Camera_6.jpg	171206_025754626_Camera_6_instanceIds.png
171206_025754787_Camera_6.jpg	171206_025754787_Camera_6_instanceIds.png
171206_025754948_Camera_6.jpg	171206_025754948_Camera_6_instanceIds.png
171206_025755109_Camera_6.jpg	171206_025755109_Camera_6_instanceIds.png
171206_025755270_Camera_6.jpg	171206_025755270_Camera_6_instanceIds.png
171206_025755431_Camera_6.jpg	171206_025755431_Camera_6_instanceIds.png
171206_025755592_Camera_6.jpg	171206_025755592_Camera_6_instanceIds.png
171206_025755753_Camera_6.jpg	171206_025755753_Camera_6_instanceIds.png
171206_025755914_Camera_6.jpg	171206_025755914_Camera_6_instanceIds.png
171206_025756075_Camera_6.jpg	171206_025756075_Camera_6_instanceIds.png
171206_025756236_Camera_6.jpg	171206_025756236_Camera_6_instanceIds.png
171206_025756397_Camera_6.jpg	171206_025756397_Camera_6_instanceIds.png
171206_025756558_Camera_6.jpg	171206_025756558_Camera_6_instanceIds.png
171206_025756719_Camera_6.jpg	171206_025756719_Camera_6_instanceIds.png
171206_025756880_Camera_6.jpg	171206_025756880_Camera_6_instanceIds.png
171206_025757041_Camera_6.jpg	171206_025757041_Camera_6_instanceIds.png
171206_025757202_Camera_6.jpg	171206_025757202_Camera_6_instanceIds.png
171206_025757363_Camera_6.jpg	171206_025757363_Camera_6_instanceIds.png
171206_025757524_Camera_6.jpg	171206_025757524_Camera_6_instanceIds.png
171206_025757685_Camera_6.jpg	171206_025757685_Camera_6_instanceIds.png
171206_025757846_Camera_6.jpg	171206_025757846_Camera_6_instanceIds.png
171206_025758007_Camera_6.jpg	171206_025758007_Camera_6_instanceIds.png
171206_025758168_Camera_6.jpg	171206_025758168_Camera_6_instanceIds.png
171206_025758329_Camera_6.jpg	171206_025758329_Camera_6_instanceIds.png
171206_025758490_Camera_6.jpg	171206_025758490_Camera_6_instanceIds.png
171206_025758651_Camera_6.jpg	171206_025758651_Camera_6_instanceIds.png
171206_025758812_Camera_6.jpg	171206_025758812_Camera_6_instanceIds.png
171206_025758953_Camera_6.jpg	171206_025758953_Camera_6_instanceIds.png
171206_025759094_Camera_6.jpg	171206_025759094_Camera_6_instanceIds.png
171206_025759235_Camera_6.jpg	171206_025759235_Camera_6_instanceIds.png
171206_025759376_Camera_6.jpg	171206_025759376_Camera_6_instanceIds.png
171206_025759517_Camera_6.jpg	171206_025759517_Camera_6_instanceIds.png
171206_025759658_Camera_6.jpg	171206_025759658_Camera_6_instanceIds.png
171206_025759799_Camera_6.jpg	171206_025759799_Camera_6_instanceIds.png
171206_025759940_Camera_6.jpg	171206_025759940_Camera_6_instanceIds.png
171206_025800081_Camera_6.jpg	171206_025800081_Camera_6_instanceIds.png
171206_025800222_Camera_6.jpg	171206_025800222_Camera_6_instanceIds.png
171206_025800363_Camera_6.jpg	171206_025800363_Camera_6_instanceIds.png
171206_025800504_Camera_6.jpg	171206_025800504_Camera_6_instanceIds.png
171206_025800645_Camera_6.jpg	171206_025800645_Camera_6_instanceIds.png
171206_025800786_Camera_6.jpg	171206_025800786_Camera_6_instanceIds.png
171206_025800927_Camera_6.jpg	171206_025800927_Camera_6_instanceIds.png
171206_025801068_Camera_6.jpg	171206_025801068_Camera_6_instanceIds.png
171206_025801209_Camera_6.jpg	171206_025801209_Camera_6_instanceIds.png
171206_025801350_Camera_6.jpg	171206_025801350_Camera_6_instanceIds.png
171206_025801491_Camera_6.jpg	171206_025801491_Camera_6_instanceIds.png
171206_025801632_Camera_6.jpg	171206_025801632_Camera_6_instanceIds.png
171206_025801773_Camera_6.jpg	171206_025801773_Camera_6_instanceIds.png
171206_025801914_Camera_6.jpg	171206_025801914_Camera_6_instanceIds.png
171206_025802055_Camera_6.jpg	171206_025802055_Camera_6_instanceIds.png
171206_025802196_Camera_6.jpg	171206_025802196_Camera_6_instanceIds.png
171206_025802337_Camera_6.jpg	171206_025802337_Camera_6_instanceIds.png
171206_025802478_Camera_6.jpg	171206_025802478_Camera_6_instanceIds.png
171206_025802619_Camera_6.jpg	171206_025802619_Camera_6_instanceIds.png
171206_025802760_Camera_6.jpg	171206_025802760_Camera_6_instanceIds.png
171206_025802901_Camera_6.jpg	171206_025802901_Camera_6_instanceIds.png
171206_025803042_Camera_6.jpg	171206_025803042_Camera_6_instanceIds.png
171206_025803183_Camera_6.jpg	171206_025803183_Camera_6_instanceIds.png
171206_025803324_Camera_6.jpg	171206_025803324_Camera_6_instanceIds.png
171206_025803465_Camera_6.jpg	171206_025803465_Camera_6_instanceIds.png
171206_025803606_Camera_6.jpg	171206_025803606_Camera_6_instanceIds.png
171206_025803747_Camera_6.jpg	171206_025803747_Camera_6_instanceIds.png
171206_025803888_Camera_6.jpg	171206_025803888_Camera_6_instanceIds.png
171206_025804029_Camera_6.jpg	171206_025804029_Camera_6_instanceIds.png
171206_025804170_Camera_6.jpg	171206_025804170_Camera_6_instanceIds.png
171206_025804311_Camera_6.jpg	171206_025804311_Camera_6_instanceIds.png
171206_025804452_Camera_6.jpg	171206_025804452_Camera_6_instanceIds.png
171206_025804593_Camera_6.jpg	171206_025804593_Camera_6_instanceIds.png
171206_025804734_Camera_6.jpg	171206_025804734_Camera_6_instanceIds.png
171206_025804875_Camera_6.jpg	171206_025804875_Camera_6_instanceIds.png
171206_025805016_Camera_6.jpg	171206_025805016_Camera_6_instanceIds.png
171206_025805157_Camera_6.jpg	171206_025805157_Camera_6_instanceIds.png
171206_025805298_Camera_6.jpg	171206_025805298_Camera_6_instanceIds.png
171206_025805439_Camera_6.jpg	171206_025805439_Camera_6_instanceIds.png
171206_025805580_Camera_6.jpg	171206_025805580_Camera_6_instanceIds.png
171206_025805721_Camera_6.jpg	171206_025805721_Camera_6_instanceIds.png
171206_025805862_Camera_6.jpg	171206_025805862_Camera_6_instanceIds.png
171206_025806003_Camera_6.jpg	171206_025806003_Camera_6_instanceIds.png
171206_025806144_Camera_6.jpg	171206_025806144_Camera_6_instanceIds.png
171206_025806285_Camera_6.jpg	171206_025806285_Camera_6_instanceIds.png
171206_025806426_Camera_6.jpg	171206_025806426_Camera_6_instanceIds.png
171206_025806567_Camera_6.jpg	171206_025806567_Camera_6_instanceIds.png
171206_025806708_Camera_6.jpg	171206_025806708_Camera_6_instanceIds.png
171206_025806849_Camera_6.jpg	171206_025806849_Camera_6_instanceIds.png
171206_025806990_Camera_6.jpg	171206_025806990_Camera_6_instanceIds.png
171206_025807131_Camera_6.jpg	171206_025807131_Camera_6_instanceIds.png
171206_025807272_Camera_6.jpg	171206_025807272_Camera_6_instanceIds.png
171206_025807413_Camera_6.jpg	171206_025807413_Camera_6_instanceIds.png
171206_025807554_Camera_6.jpg	171206_025807554_Camera_6_instanceIds.png
171206_025807695_Camera_6.jpg	171206_025807695_Camera_6_instanceIds.png
171206_025807836_Camera_6.jpg	171206_025807836_Camera_6_instanceIds.png
171206_025807977_Camera_6.jpg	171206_025807977_Camera_6_instanceIds.png
171206_025808118_Camera_6.jpg	171206_025808118_Camera_6_instanceIds.png
171206_025808259_Camera_6.jpg	171206_025808259_Camera_6_instanceIds.png
171206_025808400_Camera_6.jpg	171206_025808400_Camera_6_instanceIds.png
171206_025808541_Camera_6.jpg	171206_025808541_Camera_6_instanceIds.png
171206_025808682_Camera_6.jpg	171206_025808682_Camera_6_instanceIds.png
171206_025808823_Camera_6.jpg	171206_025808823_Camera_6_instanceIds.png
171206_025808964_Camera_6.jpg	171206_025808964_Camera_6_instanceIds.png
171206_025809105_Camera_6.jpg	171206_025809105_Camera_6_instanceIds.png
171206_025809246_Camera_6.jpg	171206_025809246_Camera_6_instanceIds.png
171206_025809387_Camera_6.jpg	171206_025809387_Camera_6_instanceIds.png
171206_025809548_Camera_6.jpg	171206_025809548_Camera_6_instanceIds.png
171206_025809709_Camera_6.jpg	171206_025809709_Camera_6_instanceIds.png
171206_025809870_Camera_6.jpg	171206_025809870_Camera_6_instanceIds.png
171206_025810031_Camera_6.jpg	171206_025810031_Camera_6_instanceIds.png
171206_025810192_Camera_6.jpg	171206_025810192_Camera_6_instanceIds.png
171206_025810383_Camera_6.jpg	171206_025810383_Camera_6_instanceIds.png
171206_025810574_Camera_6.jpg	171206_025810574_Camera_6_instanceIds.png
171206_025810790_Camera_6.jpg	171206_025810790_Camera_6_instanceIds.png
171206_025811006_Camera_6.jpg	171206_025811006_Camera_6_instanceIds.png
171206_025811248_Camera_6.jpg	171206_025811248_Camera_6_instanceIds.png
171206_025811490_Camera_6.jpg	171206_025811490_Camera_6_instanceIds.png
171206_025811764_Camera_6.jpg	171206_025811764_Camera_6_instanceIds.png
171206_025812078_Camera_6.jpg	171206_025812078_Camera_6_instanceIds.png
171206_025812444_Camera_6.jpg	171206_025812444_Camera_6_instanceIds.png
171206_025812903_Camera_6.jpg	171206_025812903_Camera_6_instanceIds.png
171206_025847048_Camera_6.jpg	171206_025847048_Camera_6_instanceIds.png
171206_025848531_Camera_6.jpg	171206_025848531_Camera_6_instanceIds.png
171206_025849237_Camera_6.jpg	171206_025849237_Camera_6_instanceIds.png
171206_025849719_Camera_6.jpg	171206_025849719_Camera_6_instanceIds.png
171206_025850132_Camera_6.jpg	171206_025850132_Camera_6_instanceIds.png
171206_025850481_Camera_6.jpg	171206_025850481_Camera_6_instanceIds.png
171206_025850805_Camera_6.jpg	171206_025850805_Camera_6_instanceIds.png
171206_025851087_Camera_6.jpg	171206_025851087_Camera_6_instanceIds.png
171206_025851369_Camera_6.jpg	171206_025851369_Camera_6_instanceIds.png
171206_025851628_Camera_6.jpg	171206_025851628_Camera_6_instanceIds.png
171206_025851887_Camera_6.jpg	171206_025851887_Camera_6_instanceIds.png
171206_025852123_Camera_6.jpg	171206_025852123_Camera_6_instanceIds.png
171206_025852359_Camera_6.jpg	171206_025852359_Camera_6_instanceIds.png
171206_025852595_Camera_6.jpg	171206_025852595_Camera_6_instanceIds.png
171206_025852810_Camera_6.jpg	171206_025852810_Camera_6_instanceIds.png
171206_025853025_Camera_6.jpg	171206_025853025_Camera_6_instanceIds.png
171206_025853240_Camera_6.jpg	171206_025853240_Camera_6_instanceIds.png
171206_025853455_Camera_6.jpg	171206_025853455_Camera_6_instanceIds.png
171206_025853670_Camera_6.jpg	171206_025853670_Camera_6_instanceIds.png
171206_025853885_Camera_6.jpg	171206_025853885_Camera_6_instanceIds.png
171206_025854100_Camera_6.jpg	171206_025854100_Camera_6_instanceIds.png
171206_025854315_Camera_6.jpg	171206_025854315_Camera_6_instanceIds.png
171206_025854530_Camera_6.jpg	171206_025854530_Camera_6_instanceIds.png
171206_025854725_Camera_6.jpg	171206_025854725_Camera_6_instanceIds.png
171206_025854920_Camera_6.jpg	171206_025854920_Camera_6_instanceIds.png
171206_025855115_Camera_6.jpg	171206_025855115_Camera_6_instanceIds.png
171206_025855310_Camera_6.jpg	171206_025855310_Camera_6_instanceIds.png
171206_025855505_Camera_6.jpg	171206_025855505_Camera_6_instanceIds.png
171206_025855700_Camera_6.jpg	171206_025855700_Camera_6_instanceIds.png
171206_025855875_Camera_6.jpg	171206_025855875_Camera_6_instanceIds.png
171206_025856050_Camera_6.jpg	171206_025856050_Camera_6_instanceIds.png
171206_025856225_Camera_6.jpg	171206_025856225_Camera_6_instanceIds.png
171206_025856400_Camera_6.jpg	171206_025856400_Camera_6_instanceIds.png
171206_025856575_Camera_6.jpg	171206_025856575_Camera_6_instanceIds.png
171206_025856750_Camera_6.jpg	171206_025856750_Camera_6_instanceIds.png
171206_025856925_Camera_6.jpg	171206_025856925_Camera_6_instanceIds.png
171206_025857100_Camera_6.jpg	171206_025857100_Camera_6_instanceIds.png
171206_025857255_Camera_6.jpg	171206_025857255_Camera_6_instanceIds.png
171206_025857410_Camera_6.jpg	171206_025857410_Camera_6_instanceIds.png
171206_025857565_Camera_6.jpg	171206_025857565_Camera_6_instanceIds.png
171206_025857720_Camera_6.jpg	171206_025857720_Camera_6_instanceIds.png
171206_025857875_Camera_6.jpg	171206_025857875_Camera_6_instanceIds.png
171206_025858030_Camera_6.jpg	171206_025858030_Camera_6_instanceIds.png
171206_025858185_Camera_6.jpg	171206_025858185_Camera_6_instanceIds.png
171206_025858340_Camera_6.jpg	171206_025858340_Camera_6_instanceIds.png
171206_025858495_Camera_6.jpg	171206_025858495_Camera_6_instanceIds.png
171206_025858650_Camera_6.jpg	171206_025858650_Camera_6_instanceIds.png
171206_025858805_Camera_6.jpg	171206_025858805_Camera_6_instanceIds.png
171206_025858960_Camera_6.jpg	171206_025858960_Camera_6_instanceIds.png
171206_025859115_Camera_6.jpg	171206_025859115_Camera_6_instanceIds.png
171206_025859270_Camera_6.jpg	171206_025859270_Camera_6_instanceIds.png
171206_025859425_Camera_6.jpg	171206_025859425_Camera_6_instanceIds.png
171206_025859580_Camera_6.jpg	171206_025859580_Camera_6_instanceIds.png
171206_025859735_Camera_6.jpg	171206_025859735_Camera_6_instanceIds.png
171206_025859870_Camera_6.jpg	171206_025859870_Camera_6_instanceIds.png
171206_025900005_Camera_6.jpg	171206_025900005_Camera_6_instanceIds.png
171206_025900140_Camera_6.jpg	171206_025900140_Camera_6_instanceIds.png
171206_025900275_Camera_6.jpg	171206_025900275_Camera_6_instanceIds.png
171206_025900410_Camera_6.jpg	171206_025900410_Camera_6_instanceIds.png
171206_025900545_Camera_6.jpg	171206_025900545_Camera_6_instanceIds.png
171206_025900680_Camera_6.jpg	171206_025900680_Camera_6_instanceIds.png
171206_025900815_Camera_6.jpg	171206_025900815_Camera_6_instanceIds.png
171206_025900950_Camera_6.jpg	171206_025900950_Camera_6_instanceIds.png
171206_025901085_Camera_6.jpg	171206_025901085_Camera_6_instanceIds.png
171206_025901220_Camera_6.jpg	171206_025901220_Camera_6_instanceIds.png
171206_025901355_Camera_6.jpg	171206_025901355_Camera_6_instanceIds.png
171206_025901490_Camera_6.jpg	171206_025901490_Camera_6_instanceIds.png
171206_025901625_Camera_6.jpg	171206_025901625_Camera_6_instanceIds.png
171206_025901760_Camera_6.jpg	171206_025901760_Camera_6_instanceIds.png
171206_025901895_Camera_6.jpg	171206_025901895_Camera_6_instanceIds.png
171206_025902030_Camera_6.jpg	171206_025902030_Camera_6_instanceIds.png
171206_025902165_Camera_6.jpg	171206_025902165_Camera_6_instanceIds.png
171206_025902300_Camera_6.jpg	171206_025902300_Camera_6_instanceIds.png
171206_025902435_Camera_6.jpg	171206_025902435_Camera_6_instanceIds.png
171206_025902570_Camera_6.jpg	171206_025902570_Camera_6_instanceIds.png
171206_025902705_Camera_6.jpg	171206_025902705_Camera_6_instanceIds.png
171206_025902840_Camera_6.jpg	171206_025902840_Camera_6_instanceIds.png
171206_025902975_Camera_6.jpg	171206_025902975_Camera_6_instanceIds.png
171206_025903110_Camera_6.jpg	171206_025903110_Camera_6_instanceIds.png
171206_025903245_Camera_6.jpg	171206_025903245_Camera_6_instanceIds.png
171206_025903380_Camera_6.jpg	171206_025903380_Camera_6_instanceIds.png
171206_025903515_Camera_6.jpg	171206_025903515_Camera_6_instanceIds.png
171206_025903650_Camera_6.jpg	171206_025903650_Camera_6_instanceIds.png
171206_025903785_Camera_6.jpg	171206_025903785_Camera_6_instanceIds.png
171206_025903920_Camera_6.jpg	171206_025903920_Camera_6_instanceIds.png
171206_025904055_Camera_6.jpg	171206_025904055_Camera_6_instanceIds.png
171206_025904190_Camera_6.jpg	171206_025904190_Camera_6_instanceIds.png
171206_025904325_Camera_6.jpg	171206_025904325_Camera_6_instanceIds.png
171206_025904460_Camera_6.jpg	171206_025904460_Camera_6_instanceIds.png
171206_025904595_Camera_6.jpg	171206_025904595_Camera_6_instanceIds.png
171206_025904730_Camera_6.jpg	171206_025904730_Camera_6_instanceIds.png
171206_025904865_Camera_6.jpg	171206_025904865_Camera_6_instanceIds.png
171206_025905000_Camera_6.jpg	171206_025905000_Camera_6_instanceIds.png
171206_025905135_Camera_6.jpg	171206_025905135_Camera_6_instanceIds.png
171206_025905270_Camera_6.jpg	171206_025905270_Camera_6_instanceIds.png
171206_025905405_Camera_6.jpg	171206_025905405_Camera_6_instanceIds.png
171206_025905540_Camera_6.jpg	171206_025905540_Camera_6_instanceIds.png
171206_025905675_Camera_6.jpg	171206_025905675_Camera_6_instanceIds.png
171206_025905810_Camera_6.jpg	171206_025905810_Camera_6_instanceIds.png
171206_025905945_Camera_6.jpg	171206_025905945_Camera_6_instanceIds.png
171206_025906080_Camera_6.jpg	171206_025906080_Camera_6_instanceIds.png
171206_025906215_Camera_6.jpg	171206_025906215_Camera_6_instanceIds.png
171206_025906350_Camera_6.jpg	171206_025906350_Camera_6_instanceIds.png
171206_025906485_Camera_6.jpg	171206_025906485_Camera_6_instanceIds.png
171206_025906620_Camera_6.jpg	171206_025906620_Camera_6_instanceIds.png
171206_025906755_Camera_6.jpg	171206_025906755_Camera_6_instanceIds.png
171206_025906890_Camera_6.jpg	171206_025906890_Camera_6_instanceIds.png
171206_025907025_Camera_6.jpg	171206_025907025_Camera_6_instanceIds.png
171206_025907160_Camera_6.jpg	171206_025907160_Camera_6_instanceIds.png
171206_025907295_Camera_6.jpg	171206_025907295_Camera_6_instanceIds.png
171206_025907430_Camera_6.jpg	171206_025907430_Camera_6_instanceIds.png
171206_025907565_Camera_6.jpg	171206_025907565_Camera_6_instanceIds.png
171206_025907700_Camera_6.jpg	171206_025907700_Camera_6_instanceIds.png
171206_025907835_Camera_6.jpg	171206_025907835_Camera_6_instanceIds.png
171206_025907970_Camera_6.jpg	171206_025907970_Camera_6_instanceIds.png
171206_025908105_Camera_6.jpg	171206_025908105_Camera_6_instanceIds.png
171206_025908240_Camera_6.jpg	171206_025908240_Camera_6_instanceIds.png
171206_025908375_Camera_6.jpg	171206_025908375_Camera_6_instanceIds.png
171206_025908510_Camera_6.jpg	171206_025908510_Camera_6_instanceIds.png
171206_025908645_Camera_6.jpg	171206_025908645_Camera_6_instanceIds.png
171206_025908780_Camera_6.jpg	171206_025908780_Camera_6_instanceIds.png
171206_025908915_Camera_6.jpg	171206_025908915_Camera_6_instanceIds.png
171206_025909050_Camera_6.jpg	171206_025909050_Camera_6_instanceIds.png
171206_025909185_Camera_6.jpg	171206_025909185_Camera_6_instanceIds.png
171206_025909320_Camera_6.jpg	171206_025909320_Camera_6_instanceIds.png
171206_025909455_Camera_6.jpg	171206_025909455_Camera_6_instanceIds.png
171206_025909590_Camera_6.jpg	171206_025909590_Camera_6_instanceIds.png
171206_025909725_Camera_6.jpg	171206_025909725_Camera_6_instanceIds.png
171206_025909860_Camera_6.jpg	171206_025909860_Camera_6_instanceIds.png
171206_025909995_Camera_6.jpg	171206_025909995_Camera_6_instanceIds.png
171206_025910130_Camera_6.jpg	171206_025910130_Camera_6_instanceIds.png
171206_025910265_Camera_6.jpg	171206_025910265_Camera_6_instanceIds.png
171206_025910400_Camera_6.jpg	171206_025910400_Camera_6_instanceIds.png
171206_025910535_Camera_6.jpg	171206_025910535_Camera_6_instanceIds.png
171206_025910670_Camera_6.jpg	171206_025910670_Camera_6_instanceIds.png
171206_025910805_Camera_6.jpg	171206_025910805_Camera_6_instanceIds.png
171206_025910940_Camera_6.jpg	171206_025910940_Camera_6_instanceIds.png
171206_025911075_Camera_6.jpg	171206_025911075_Camera_6_instanceIds.png
171206_025911210_Camera_6.jpg	171206_025911210_Camera_6_instanceIds.png
171206_025911345_Camera_6.jpg	171206_025911345_Camera_6_instanceIds.png
171206_025911480_Camera_6.jpg	171206_025911480_Camera_6_instanceIds.png
171206_025911615_Camera_6.jpg	171206_025911615_Camera_6_instanceIds.png
171206_025911750_Camera_6.jpg	171206_025911750_Camera_6_instanceIds.png
171206_025911885_Camera_6.jpg	171206_025911885_Camera_6_instanceIds.png
171206_025912020_Camera_6.jpg	171206_025912020_Camera_6_instanceIds.png
171206_025912155_Camera_6.jpg	171206_025912155_Camera_6_instanceIds.png
171206_025912290_Camera_6.jpg	171206_025912290_Camera_6_instanceIds.png
171206_025912425_Camera_6.jpg	171206_025912425_Camera_6_instanceIds.png
171206_025912560_Camera_6.jpg	171206_025912560_Camera_6_instanceIds.png
171206_025912694_Camera_6.jpg	171206_025912694_Camera_6_instanceIds.png
171206_025912829_Camera_6.jpg	171206_025912829_Camera_6_instanceIds.png
171206_025912964_Camera_6.jpg	171206_025912964_Camera_6_instanceIds.png
171206_025913099_Camera_6.jpg	171206_025913099_Camera_6_instanceIds.png
171206_025913234_Camera_6.jpg	171206_025913234_Camera_6_instanceIds.png
171206_025913369_Camera_6.jpg	171206_025913369_Camera_6_instanceIds.png
171206_025913504_Camera_6.jpg	171206_025913504_Camera_6_instanceIds.png
171206_025913639_Camera_6.jpg	171206_025913639_Camera_6_instanceIds.png
171206_025913774_Camera_6.jpg	171206_025913774_Camera_6_instanceIds.png
171206_025913909_Camera_6.jpg	171206_025913909_Camera_6_instanceIds.png
171206_025914044_Camera_6.jpg	171206_025914044_Camera_6_instanceIds.png
171206_025914179_Camera_6.jpg	171206_025914179_Camera_6_instanceIds.png
171206_025914314_Camera_6.jpg	171206_025914314_Camera_6_instanceIds.png
171206_025914449_Camera_6.jpg	171206_025914449_Camera_6_instanceIds.png
171206_025914584_Camera_6.jpg	171206_025914584_Camera_6_instanceIds.png
171206_025914719_Camera_6.jpg	171206_025914719_Camera_6_instanceIds.png
171206_025914854_Camera_6.jpg	171206_025914854_Camera_6_instanceIds.png
171206_025914989_Camera_6.jpg	171206_025914989_Camera_6_instanceIds.png
171206_025915124_Camera_6.jpg	171206_025915124_Camera_6_instanceIds.png
171206_025915259_Camera_6.jpg	171206_025915259_Camera_6_instanceIds.png
171206_025915394_Camera_6.jpg	171206_025915394_Camera_6_instanceIds.png
171206_025915529_Camera_6.jpg	171206_025915529_Camera_6_instanceIds.png
171206_025915664_Camera_6.jpg	171206_025915664_Camera_6_instanceIds.png
171206_025915799_Camera_6.jpg	171206_025915799_Camera_6_instanceIds.png
171206_025915934_Camera_6.jpg	171206_025915934_Camera_6_instanceIds.png
171206_025916069_Camera_6.jpg	171206_025916069_Camera_6_instanceIds.png
171206_025916204_Camera_6.jpg	171206_025916204_Camera_6_instanceIds.png
171206_025916339_Camera_6.jpg	171206_025916339_Camera_6_instanceIds.png
171206_025916474_Camera_6.jpg	171206_025916474_Camera_6_instanceIds.png
171206_025916609_Camera_6.jpg	171206_025916609_Camera_6_instanceIds.png
171206_025916744_Camera_6.jpg	171206_025916744_Camera_6_instanceIds.png
171206_025916879_Camera_6.jpg	171206_025916879_Camera_6_instanceIds.png
171206_025917014_Camera_6.jpg	171206_025917014_Camera_6_instanceIds.png
171206_025917149_Camera_6.jpg	171206_025917149_Camera_6_instanceIds.png
171206_025917284_Camera_6.jpg	171206_025917284_Camera_6_instanceIds.png
171206_025917419_Camera_6.jpg	171206_025917419_Camera_6_instanceIds.png
171206_025917554_Camera_6.jpg	171206_025917554_Camera_6_instanceIds.png
171206_025917689_Camera_6.jpg	171206_025917689_Camera_6_instanceIds.png
171206_025917824_Camera_6.jpg	171206_025917824_Camera_6_instanceIds.png
171206_025917959_Camera_6.jpg	171206_025917959_Camera_6_instanceIds.png
171206_025918094_Camera_6.jpg	171206_025918094_Camera_6_instanceIds.png
171206_025918229_Camera_6.jpg	171206_025918229_Camera_6_instanceIds.png
171206_025918364_Camera_6.jpg	171206_025918364_Camera_6_instanceIds.png
171206_025918499_Camera_6.jpg	171206_025918499_Camera_6_instanceIds.png
171206_025918634_Camera_6.jpg	171206_025918634_Camera_6_instanceIds.png
171206_025918769_Camera_6.jpg	171206_025918769_Camera_6_instanceIds.png
171206_025918904_Camera_6.jpg	171206_025918904_Camera_6_instanceIds.png
171206_025919039_Camera_6.jpg	171206_025919039_Camera_6_instanceIds.png
171206_025919174_Camera_6.jpg	171206_025919174_Camera_6_instanceIds.png
171206_025919309_Camera_6.jpg	171206_025919309_Camera_6_instanceIds.png
171206_025919444_Camera_6.jpg	171206_025919444_Camera_6_instanceIds.png
171206_025919579_Camera_6.jpg	171206_025919579_Camera_6_instanceIds.png
171206_025919714_Camera_6.jpg	171206_025919714_Camera_6_instanceIds.png
171206_025919849_Camera_6.jpg	171206_025919849_Camera_6_instanceIds.png
171206_025919984_Camera_6.jpg	171206_025919984_Camera_6_instanceIds.png
171206_025920119_Camera_6.jpg	171206_025920119_Camera_6_instanceIds.png
171206_025920254_Camera_6.jpg	171206_025920254_Camera_6_instanceIds.png
171206_025920389_Camera_6.jpg	171206_025920389_Camera_6_instanceIds.png
171206_025920524_Camera_6.jpg	171206_025920524_Camera_6_instanceIds.png
171206_025920659_Camera_6.jpg	171206_025920659_Camera_6_instanceIds.png
171206_025920794_Camera_6.jpg	171206_025920794_Camera_6_instanceIds.png
171206_025920929_Camera_6.jpg	171206_025920929_Camera_6_instanceIds.png
171206_025921064_Camera_6.jpg	171206_025921064_Camera_6_instanceIds.png
171206_025921199_Camera_6.jpg	171206_025921199_Camera_6_instanceIds.png
171206_025921334_Camera_6.jpg	171206_025921334_Camera_6_instanceIds.png
171206_025921469_Camera_6.jpg	171206_025921469_Camera_6_instanceIds.png
171206_025921604_Camera_6.jpg	171206_025921604_Camera_6_instanceIds.png
171206_025921739_Camera_6.jpg	171206_025921739_Camera_6_instanceIds.png
171206_025921874_Camera_6.jpg	171206_025921874_Camera_6_instanceIds.png
171206_025922009_Camera_6.jpg	171206_025922009_Camera_6_instanceIds.png
171206_025922144_Camera_6.jpg	171206_025922144_Camera_6_instanceIds.png
171206_025922279_Camera_6.jpg	171206_025922279_Camera_6_instanceIds.png
171206_025922414_Camera_6.jpg	171206_025922414_Camera_6_instanceIds.png
171206_025922549_Camera_6.jpg	171206_025922549_Camera_6_instanceIds.png
171206_025922684_Camera_6.jpg	171206_025922684_Camera_6_instanceIds.png
171206_025922819_Camera_6.jpg	171206_025922819_Camera_6_instanceIds.png
171206_025922954_Camera_6.jpg	171206_025922954_Camera_6_instanceIds.png
171206_025923089_Camera_6.jpg	171206_025923089_Camera_6_instanceIds.png
171206_025923224_Camera_6.jpg	171206_025923224_Camera_6_instanceIds.png
171206_025923359_Camera_6.jpg	171206_025923359_Camera_6_instanceIds.png
171206_025923494_Camera_6.jpg	171206_025923494_Camera_6_instanceIds.png
171206_025923629_Camera_6.jpg	171206_025923629_Camera_6_instanceIds.png
171206_025923764_Camera_6.jpg	171206_025923764_Camera_6_instanceIds.png
171206_025923899_Camera_6.jpg	171206_025923899_Camera_6_instanceIds.png
171206_025924034_Camera_6.jpg	171206_025924034_Camera_6_instanceIds.png
171206_025924149_Camera_6.jpg	171206_025924149_Camera_6_instanceIds.png
171206_025924264_Camera_6.jpg	171206_025924264_Camera_6_instanceIds.png
171206_025924379_Camera_6.jpg	171206_025924379_Camera_6_instanceIds.png
171206_025924494_Camera_6.jpg	171206_025924494_Camera_6_instanceIds.png
171206_025924609_Camera_6.jpg	171206_025924609_Camera_6_instanceIds.png
171206_025924724_Camera_6.jpg	171206_025924724_Camera_6_instanceIds.png
171206_025924839_Camera_6.jpg	171206_025924839_Camera_6_instanceIds.png
171206_025924954_Camera_6.jpg	171206_025924954_Camera_6_instanceIds.png
171206_025925069_Camera_6.jpg	171206_025925069_Camera_6_instanceIds.png
171206_025925184_Camera_6.jpg	171206_025925184_Camera_6_instanceIds.png
171206_025925299_Camera_6.jpg	171206_025925299_Camera_6_instanceIds.png
171206_025925414_Camera_6.jpg	171206_025925414_Camera_6_instanceIds.png
171206_025925529_Camera_6.jpg	171206_025925529_Camera_6_instanceIds.png
171206_025925644_Camera_6.jpg	171206_025925644_Camera_6_instanceIds.png
171206_025925759_Camera_6.jpg	171206_025925759_Camera_6_instanceIds.png
171206_025925874_Camera_6.jpg	171206_025925874_Camera_6_instanceIds.png
171206_025925989_Camera_6.jpg	171206_025925989_Camera_6_instanceIds.png
171206_025926104_Camera_6.jpg	171206_025926104_Camera_6_instanceIds.png
171206_025926219_Camera_6.jpg	171206_025926219_Camera_6_instanceIds.png
171206_025926334_Camera_6.jpg	171206_025926334_Camera_6_instanceIds.png
171206_025926449_Camera_6.jpg	171206_025926449_Camera_6_instanceIds.png
171206_025926564_Camera_6.jpg	171206_025926564_Camera_6_instanceIds.png
171206_025926679_Camera_6.jpg	171206_025926679_Camera_6_instanceIds.png
171206_025926794_Camera_6.jpg	171206_025926794_Camera_6_instanceIds.png
171206_025926909_Camera_6.jpg	171206_025926909_Camera_6_instanceIds.png
171206_025927024_Camera_6.jpg	171206_025927024_Camera_6_instanceIds.png
171206_025927139_Camera_6.jpg	171206_025927139_Camera_6_instanceIds.png
171206_025927254_Camera_6.jpg	171206_025927254_Camera_6_instanceIds.png
171206_025927369_Camera_6.jpg	171206_025927369_Camera_6_instanceIds.png
171206_025927484_Camera_6.jpg	171206_025927484_Camera_6_instanceIds.png
171206_025927599_Camera_6.jpg	171206_025927599_Camera_6_instanceIds.png
171206_025927714_Camera_6.jpg	171206_025927714_Camera_6_instanceIds.png
171206_025927829_Camera_6.jpg	171206_025927829_Camera_6_instanceIds.png
171206_025927944_Camera_6.jpg	171206_025927944_Camera_6_instanceIds.png
171206_025928059_Camera_6.jpg	171206_025928059_Camera_6_instanceIds.png
171206_025928174_Camera_6.jpg	171206_025928174_Camera_6_instanceIds.png
171206_025928289_Camera_6.jpg	171206_025928289_Camera_6_instanceIds.png
171206_025928404_Camera_6.jpg	171206_025928404_Camera_6_instanceIds.png
171206_025928519_Camera_6.jpg	171206_025928519_Camera_6_instanceIds.png
171206_025928634_Camera_6.jpg	171206_025928634_Camera_6_instanceIds.png
171206_025928749_Camera_6.jpg	171206_025928749_Camera_6_instanceIds.png
171206_025928864_Camera_6.jpg	171206_025928864_Camera_6_instanceIds.png
171206_025928979_Camera_6.jpg	171206_025928979_Camera_6_instanceIds.png
171206_025929094_Camera_6.jpg	171206_025929094_Camera_6_instanceIds.png
171206_025929209_Camera_6.jpg	171206_025929209_Camera_6_instanceIds.png
171206_025929324_Camera_6.jpg	171206_025929324_Camera_6_instanceIds.png
171206_025929439_Camera_6.jpg	171206_025929439_Camera_6_instanceIds.png
171206_025929554_Camera_6.jpg	171206_025929554_Camera_6_instanceIds.png
171206_025929669_Camera_6.jpg	171206_025929669_Camera_6_instanceIds.png
171206_025929784_Camera_6.jpg	171206_025929784_Camera_6_instanceIds.png
171206_025929899_Camera_6.jpg	171206_025929899_Camera_6_instanceIds.png
171206_025930014_Camera_6.jpg	171206_025930014_Camera_6_instanceIds.png
171206_025930129_Camera_6.jpg	171206_025930129_Camera_6_instanceIds.png
171206_025930244_Camera_6.jpg	171206_025930244_Camera_6_instanceIds.png
171206_025930359_Camera_6.jpg	171206_025930359_Camera_6_instanceIds.png
171206_025930474_Camera_6.jpg	171206_025930474_Camera_6_instanceIds.png
171206_025930589_Camera_6.jpg	171206_025930589_Camera_6_instanceIds.png
171206_025930704_Camera_6.jpg	171206_025930704_Camera_6_instanceIds.png
171206_025930819_Camera_6.jpg	171206_025930819_Camera_6_instanceIds.png
171206_025930934_Camera_6.jpg	171206_025930934_Camera_6_instanceIds.png
171206_025931049_Camera_6.jpg	171206_025931049_Camera_6_instanceIds.png
171206_025931164_Camera_6.jpg	171206_025931164_Camera_6_instanceIds.png
171206_025931279_Camera_6.jpg	171206_025931279_Camera_6_instanceIds.png
171206_025931394_Camera_6.jpg	171206_025931394_Camera_6_instanceIds.png
171206_025931509_Camera_6.jpg	171206_025931509_Camera_6_instanceIds.png
171206_025931624_Camera_6.jpg	171206_025931624_Camera_6_instanceIds.png
171206_025931739_Camera_6.jpg	171206_025931739_Camera_6_instanceIds.png
171206_025931854_Camera_6.jpg	171206_025931854_Camera_6_instanceIds.png
171206_025931969_Camera_6.jpg	171206_025931969_Camera_6_instanceIds.png
171206_025932084_Camera_6.jpg	171206_025932084_Camera_6_instanceIds.png
171206_025932199_Camera_6.jpg	171206_025932199_Camera_6_instanceIds.png
171206_025932314_Camera_6.jpg	171206_025932314_Camera_6_instanceIds.png
171206_025932429_Camera_6.jpg	171206_025932429_Camera_6_instanceIds.png
171206_025932544_Camera_6.jpg	171206_025932544_Camera_6_instanceIds.png
171206_025932659_Camera_6.jpg	171206_025932659_Camera_6_instanceIds.png
171206_025932774_Camera_6.jpg	171206_025932774_Camera_6_instanceIds.png
171206_025932889_Camera_6.jpg	171206_025932889_Camera_6_instanceIds.png
171206_025933004_Camera_6.jpg	171206_025933004_Camera_6_instanceIds.png
171206_025933119_Camera_6.jpg	171206_025933119_Camera_6_instanceIds.png
171206_025933234_Camera_6.jpg	171206_025933234_Camera_6_instanceIds.png
171206_025933349_Camera_6.jpg	171206_025933349_Camera_6_instanceIds.png
171206_025933464_Camera_6.jpg	171206_025933464_Camera_6_instanceIds.png
171206_025933579_Camera_6.jpg	171206_025933579_Camera_6_instanceIds.png
171206_025933694_Camera_6.jpg	171206_025933694_Camera_6_instanceIds.png
171206_025933809_Camera_6.jpg	171206_025933809_Camera_6_instanceIds.png
171206_025933924_Camera_6.jpg	171206_025933924_Camera_6_instanceIds.png
171206_025934039_Camera_6.jpg	171206_025934039_Camera_6_instanceIds.png
171206_025934154_Camera_6.jpg	171206_025934154_Camera_6_instanceIds.png
171206_025934269_Camera_6.jpg	171206_025934269_Camera_6_instanceIds.png
171206_025934384_Camera_6.jpg	171206_025934384_Camera_6_instanceIds.png
171206_025934499_Camera_6.jpg	171206_025934499_Camera_6_instanceIds.png
171206_025934614_Camera_6.jpg	171206_025934614_Camera_6_instanceIds.png
171206_025934729_Camera_6.jpg	171206_025934729_Camera_6_instanceIds.png
171206_025934844_Camera_6.jpg	171206_025934844_Camera_6_instanceIds.png
171206_025934959_Camera_6.jpg	171206_025934959_Camera_6_instanceIds.png
171206_025935073_Camera_6.jpg	171206_025935073_Camera_6_instanceIds.png
171206_025935188_Camera_6.jpg	171206_025935188_Camera_6_instanceIds.png
171206_025935303_Camera_6.jpg	171206_025935303_Camera_6_instanceIds.png
171206_025935418_Camera_6.jpg	171206_025935418_Camera_6_instanceIds.png
171206_025935533_Camera_6.jpg	171206_025935533_Camera_6_instanceIds.png
171206_025935648_Camera_6.jpg	171206_025935648_Camera_6_instanceIds.png
171206_025935763_Camera_6.jpg	171206_025935763_Camera_6_instanceIds.png
171206_025935878_Camera_6.jpg	171206_025935878_Camera_6_instanceIds.png
171206_025935993_Camera_6.jpg	171206_025935993_Camera_6_instanceIds.png
171206_025936108_Camera_6.jpg	171206_025936108_Camera_6_instanceIds.png
171206_025936223_Camera_6.jpg	171206_025936223_Camera_6_instanceIds.png
171206_025936338_Camera_6.jpg	171206_025936338_Camera_6_instanceIds.png
171206_025936453_Camera_6.jpg	171206_025936453_Camera_6_instanceIds.png
171206_025936568_Camera_6.jpg	171206_025936568_Camera_6_instanceIds.png
171206_025936683_Camera_6.jpg	171206_025936683_Camera_6_instanceIds.png
171206_025936798_Camera_6.jpg	171206_025936798_Camera_6_instanceIds.png
171206_025936913_Camera_6.jpg	171206_025936913_Camera_6_instanceIds.png
171206_025937028_Camera_6.jpg	171206_025937028_Camera_6_instanceIds.png
171206_025937143_Camera_6.jpg	171206_025937143_Camera_6_instanceIds.png
171206_025937258_Camera_6.jpg	171206_025937258_Camera_6_instanceIds.png
171206_025937373_Camera_6.jpg	171206_025937373_Camera_6_instanceIds.png
171206_025937488_Camera_6.jpg	171206_025937488_Camera_6_instanceIds.png
171206_025937603_Camera_6.jpg	171206_025937603_Camera_6_instanceIds.png
171206_025937718_Camera_6.jpg	171206_025937718_Camera_6_instanceIds.png
171206_025937833_Camera_6.jpg	171206_025937833_Camera_6_instanceIds.png
171206_025937948_Camera_6.jpg	171206_025937948_Camera_6_instanceIds.png
171206_025938063_Camera_6.jpg	171206_025938063_Camera_6_instanceIds.png
171206_025938178_Camera_6.jpg	171206_025938178_Camera_6_instanceIds.png
171206_025938293_Camera_6.jpg	171206_025938293_Camera_6_instanceIds.png
171206_025938408_Camera_6.jpg	171206_025938408_Camera_6_instanceIds.png
171206_025938523_Camera_6.jpg	171206_025938523_Camera_6_instanceIds.png
171206_025938638_Camera_6.jpg	171206_025938638_Camera_6_instanceIds.png
171206_025938753_Camera_6.jpg	171206_025938753_Camera_6_instanceIds.png
171206_025938868_Camera_6.jpg	171206_025938868_Camera_6_instanceIds.png
171206_025939003_Camera_6.jpg	171206_025939003_Camera_6_instanceIds.png
171206_025939138_Camera_6.jpg	171206_025939138_Camera_6_instanceIds.png
171206_025939273_Camera_6.jpg	171206_025939273_Camera_6_instanceIds.png
171206_025939408_Camera_6.jpg	171206_025939408_Camera_6_instanceIds.png
171206_025939543_Camera_6.jpg	171206_025939543_Camera_6_instanceIds.png
171206_025939678_Camera_6.jpg	171206_025939678_Camera_6_instanceIds.png
171206_025939813_Camera_6.jpg	171206_025939813_Camera_6_instanceIds.png
171206_025939968_Camera_6.jpg	171206_025939968_Camera_6_instanceIds.png
171206_025940123_Camera_6.jpg	171206_025940123_Camera_6_instanceIds.png
171206_025940278_Camera_6.jpg	171206_025940278_Camera_6_instanceIds.png
171206_025940433_Camera_6.jpg	171206_025940433_Camera_6_instanceIds.png
171206_025940608_Camera_6.jpg	171206_025940608_Camera_6_instanceIds.png
171206_025940783_Camera_6.jpg	171206_025940783_Camera_6_instanceIds.png
171206_025940958_Camera_6.jpg	171206_025940958_Camera_6_instanceIds.png
171206_025941153_Camera_6.jpg	171206_025941153_Camera_6_instanceIds.png
171206_025941348_Camera_6.jpg	171206_025941348_Camera_6_instanceIds.png
171206_025941543_Camera_6.jpg	171206_025941543_Camera_6_instanceIds.png
171206_025941758_Camera_6.jpg	171206_025941758_Camera_6_instanceIds.png
171206_025941997_Camera_6.jpg	171206_025941997_Camera_6_instanceIds.png
171206_025942258_Camera_6.jpg	171206_025942258_Camera_6_instanceIds.png
171206_025942547_Camera_6.jpg	171206_025942547_Camera_6_instanceIds.png
171206_025942859_Camera_6.jpg	171206_025942859_Camera_6_instanceIds.png
171206_025943264_Camera_6.jpg	171206_025943264_Camera_6_instanceIds.png
171206_025944162_Camera_6.jpg	171206_025944162_Camera_6_instanceIds.png
171206_025954047_Camera_6.jpg	171206_025954047_Camera_6_instanceIds.png
171206_025955495_Camera_6.jpg	171206_025955495_Camera_6_instanceIds.png
171206_025956154_Camera_6.jpg	171206_025956154_Camera_6_instanceIds.png
171206_025956647_Camera_6.jpg	171206_025956647_Camera_6_instanceIds.png
171206_025957040_Camera_6.jpg	171206_025957040_Camera_6_instanceIds.png
171206_025957369_Camera_6.jpg	171206_025957369_Camera_6_instanceIds.png
171206_025957673_Camera_6.jpg	171206_025957673_Camera_6_instanceIds.png
171206_025957957_Camera_6.jpg	171206_025957957_Camera_6_instanceIds.png
171206_025958220_Camera_6.jpg	171206_025958220_Camera_6_instanceIds.png
171206_025958483_Camera_6.jpg	171206_025958483_Camera_6_instanceIds.png
171206_025958725_Camera_6.jpg	171206_025958725_Camera_6_instanceIds.png
171206_025958967_Camera_6.jpg	171206_025958967_Camera_6_instanceIds.png
171206_025959187_Camera_6.jpg	171206_025959187_Camera_6_instanceIds.png
171206_025959407_Camera_6.jpg	171206_025959407_Camera_6_instanceIds.png
171206_025959627_Camera_6.jpg	171206_025959627_Camera_6_instanceIds.png
171206_025959825_Camera_6.jpg	171206_025959825_Camera_6_instanceIds.png
171206_030000023_Camera_6.jpg	171206_030000023_Camera_6_instanceIds.png
171206_030000221_Camera_6.jpg	171206_030000221_Camera_6_instanceIds.png
171206_030000419_Camera_6.jpg	171206_030000419_Camera_6_instanceIds.png
171206_030000598_Camera_6.jpg	171206_030000598_Camera_6_instanceIds.png
171206_030000776_Camera_6.jpg	171206_030000776_Camera_6_instanceIds.png
171206_030000954_Camera_6.jpg	171206_030000954_Camera_6_instanceIds.png
171206_030001132_Camera_6.jpg	171206_030001132_Camera_6_instanceIds.png
171206_030001310_Camera_6.jpg	171206_030001310_Camera_6_instanceIds.png
171206_030001488_Camera_6.jpg	171206_030001488_Camera_6_instanceIds.png
171206_030001666_Camera_6.jpg	171206_030001666_Camera_6_instanceIds.png
171206_030001844_Camera_6.jpg	171206_030001844_Camera_6_instanceIds.png
171206_030002002_Camera_6.jpg	171206_030002002_Camera_6_instanceIds.png
171206_030002160_Camera_6.jpg	171206_030002160_Camera_6_instanceIds.png
171206_030002318_Camera_6.jpg	171206_030002318_Camera_6_instanceIds.png
171206_030002476_Camera_6.jpg	171206_030002476_Camera_6_instanceIds.png
171206_030002634_Camera_6.jpg	171206_030002634_Camera_6_instanceIds.png
171206_030002792_Camera_6.jpg	171206_030002792_Camera_6_instanceIds.png
171206_030002950_Camera_6.jpg	171206_030002950_Camera_6_instanceIds.png
171206_030003108_Camera_6.jpg	171206_030003108_Camera_6_instanceIds.png
171206_030003266_Camera_6.jpg	171206_030003266_Camera_6_instanceIds.png
171206_030003424_Camera_6.jpg	171206_030003424_Camera_6_instanceIds.png
171206_030003582_Camera_6.jpg	171206_030003582_Camera_6_instanceIds.png
171206_030003720_Camera_6.jpg	171206_030003720_Camera_6_instanceIds.png
171206_030003858_Camera_6.jpg	171206_030003858_Camera_6_instanceIds.png
171206_030003996_Camera_6.jpg	171206_030003996_Camera_6_instanceIds.png
171206_030004134_Camera_6.jpg	171206_030004134_Camera_6_instanceIds.png
171206_030004272_Camera_6.jpg	171206_030004272_Camera_6_instanceIds.png
171206_030004410_Camera_6.jpg	171206_030004410_Camera_6_instanceIds.png
171206_030004548_Camera_6.jpg	171206_030004548_Camera_6_instanceIds.png
171206_030004686_Camera_6.jpg	171206_030004686_Camera_6_instanceIds.png
171206_030004824_Camera_6.jpg	171206_030004824_Camera_6_instanceIds.png
171206_030004962_Camera_6.jpg	171206_030004962_Camera_6_instanceIds.png
171206_030005100_Camera_6.jpg	171206_030005100_Camera_6_instanceIds.png
171206_030005238_Camera_6.jpg	171206_030005238_Camera_6_instanceIds.png
171206_030005376_Camera_6.jpg	171206_030005376_Camera_6_instanceIds.png
171206_030005514_Camera_6.jpg	171206_030005514_Camera_6_instanceIds.png
171206_030005652_Camera_6.jpg	171206_030005652_Camera_6_instanceIds.png
171206_030005790_Camera_6.jpg	171206_030005790_Camera_6_instanceIds.png
171206_030005928_Camera_6.jpg	171206_030005928_Camera_6_instanceIds.png
171206_030006066_Camera_6.jpg	171206_030006066_Camera_6_instanceIds.png
171206_030006204_Camera_6.jpg	171206_030006204_Camera_6_instanceIds.png
171206_030006342_Camera_6.jpg	171206_030006342_Camera_6_instanceIds.png
171206_030006480_Camera_6.jpg	171206_030006480_Camera_6_instanceIds.png
171206_030006618_Camera_6.jpg	171206_030006618_Camera_6_instanceIds.png
171206_030006756_Camera_6.jpg	171206_030006756_Camera_6_instanceIds.png
171206_030006894_Camera_6.jpg	171206_030006894_Camera_6_instanceIds.png
171206_030007032_Camera_6.jpg	171206_030007032_Camera_6_instanceIds.png
171206_030007170_Camera_6.jpg	171206_030007170_Camera_6_instanceIds.png
171206_030007308_Camera_6.jpg	171206_030007308_Camera_6_instanceIds.png
171206_030007446_Camera_6.jpg	171206_030007446_Camera_6_instanceIds.png
171206_030007584_Camera_6.jpg	171206_030007584_Camera_6_instanceIds.png
171206_030007722_Camera_6.jpg	171206_030007722_Camera_6_instanceIds.png
171206_030007860_Camera_6.jpg	171206_030007860_Camera_6_instanceIds.png
171206_030007998_Camera_6.jpg	171206_030007998_Camera_6_instanceIds.png
171206_030008136_Camera_6.jpg	171206_030008136_Camera_6_instanceIds.png
171206_030008274_Camera_6.jpg	171206_030008274_Camera_6_instanceIds.png
171206_030008412_Camera_6.jpg	171206_030008412_Camera_6_instanceIds.png
171206_030008550_Camera_6.jpg	171206_030008550_Camera_6_instanceIds.png
171206_030008688_Camera_6.jpg	171206_030008688_Camera_6_instanceIds.png
171206_030008825_Camera_6.jpg	171206_030008825_Camera_6_instanceIds.png
171206_030008963_Camera_6.jpg	171206_030008963_Camera_6_instanceIds.png
171206_030009101_Camera_6.jpg	171206_030009101_Camera_6_instanceIds.png
171206_030009239_Camera_6.jpg	171206_030009239_Camera_6_instanceIds.png
171206_030009377_Camera_6.jpg	171206_030009377_Camera_6_instanceIds.png
171206_030009515_Camera_6.jpg	171206_030009515_Camera_6_instanceIds.png
171206_030009653_Camera_6.jpg	171206_030009653_Camera_6_instanceIds.png
171206_030009791_Camera_6.jpg	171206_030009791_Camera_6_instanceIds.png
171206_030009929_Camera_6.jpg	171206_030009929_Camera_6_instanceIds.png
171206_030010067_Camera_6.jpg	171206_030010067_Camera_6_instanceIds.png
171206_030010205_Camera_6.jpg	171206_030010205_Camera_6_instanceIds.png
171206_030010343_Camera_6.jpg	171206_030010343_Camera_6_instanceIds.png
171206_030010481_Camera_6.jpg	171206_030010481_Camera_6_instanceIds.png
171206_030010619_Camera_6.jpg	171206_030010619_Camera_6_instanceIds.png
171206_030010757_Camera_6.jpg	171206_030010757_Camera_6_instanceIds.png
171206_030010895_Camera_6.jpg	171206_030010895_Camera_6_instanceIds.png
171206_030011033_Camera_6.jpg	171206_030011033_Camera_6_instanceIds.png
171206_030011171_Camera_6.jpg	171206_030011171_Camera_6_instanceIds.png
171206_030011309_Camera_6.jpg	171206_030011309_Camera_6_instanceIds.png
171206_030011447_Camera_6.jpg	171206_030011447_Camera_6_instanceIds.png
171206_030011585_Camera_6.jpg	171206_030011585_Camera_6_instanceIds.png
171206_030011723_Camera_6.jpg	171206_030011723_Camera_6_instanceIds.png
171206_030011861_Camera_6.jpg	171206_030011861_Camera_6_instanceIds.png
171206_030011999_Camera_6.jpg	171206_030011999_Camera_6_instanceIds.png
171206_030012137_Camera_6.jpg	171206_030012137_Camera_6_instanceIds.png
171206_030012275_Camera_6.jpg	171206_030012275_Camera_6_instanceIds.png
171206_030012413_Camera_6.jpg	171206_030012413_Camera_6_instanceIds.png
171206_030012551_Camera_6.jpg	171206_030012551_Camera_6_instanceIds.png
171206_030012689_Camera_6.jpg	171206_030012689_Camera_6_instanceIds.png
171206_030012827_Camera_6.jpg	171206_030012827_Camera_6_instanceIds.png
171206_030012965_Camera_6.jpg	171206_030012965_Camera_6_instanceIds.png
171206_030013103_Camera_6.jpg	171206_030013103_Camera_6_instanceIds.png
171206_030013241_Camera_6.jpg	171206_030013241_Camera_6_instanceIds.png
171206_030013379_Camera_6.jpg	171206_030013379_Camera_6_instanceIds.png
171206_030013517_Camera_6.jpg	171206_030013517_Camera_6_instanceIds.png
171206_030013655_Camera_6.jpg	171206_030013655_Camera_6_instanceIds.png
171206_030013793_Camera_6.jpg	171206_030013793_Camera_6_instanceIds.png
171206_030013931_Camera_6.jpg	171206_030013931_Camera_6_instanceIds.png
171206_030014069_Camera_6.jpg	171206_030014069_Camera_6_instanceIds.png
171206_030014207_Camera_6.jpg	171206_030014207_Camera_6_instanceIds.png
171206_030014345_Camera_6.jpg	171206_030014345_Camera_6_instanceIds.png
171206_030014483_Camera_6.jpg	171206_030014483_Camera_6_instanceIds.png
171206_030014621_Camera_6.jpg	171206_030014621_Camera_6_instanceIds.png
171206_030014759_Camera_6.jpg	171206_030014759_Camera_6_instanceIds.png
171206_030014897_Camera_6.jpg	171206_030014897_Camera_6_instanceIds.png
171206_030015035_Camera_6.jpg	171206_030015035_Camera_6_instanceIds.png
171206_030015173_Camera_6.jpg	171206_030015173_Camera_6_instanceIds.png
171206_030015311_Camera_6.jpg	171206_030015311_Camera_6_instanceIds.png
171206_030015449_Camera_6.jpg	171206_030015449_Camera_6_instanceIds.png
171206_030015587_Camera_6.jpg	171206_030015587_Camera_6_instanceIds.png
171206_030015725_Camera_6.jpg	171206_030015725_Camera_6_instanceIds.png
171206_030015863_Camera_6.jpg	171206_030015863_Camera_6_instanceIds.png
171206_030015981_Camera_6.jpg	171206_030015981_Camera_6_instanceIds.png
171206_030016099_Camera_6.jpg	171206_030016099_Camera_6_instanceIds.png
171206_030016217_Camera_6.jpg	171206_030016217_Camera_6_instanceIds.png
171206_030016335_Camera_6.jpg	171206_030016335_Camera_6_instanceIds.png
171206_030016453_Camera_6.jpg	171206_030016453_Camera_6_instanceIds.png
171206_030016571_Camera_6.jpg	171206_030016571_Camera_6_instanceIds.png
171206_030016689_Camera_6.jpg	171206_030016689_Camera_6_instanceIds.png
171206_030016807_Camera_6.jpg	171206_030016807_Camera_6_instanceIds.png
171206_030016925_Camera_6.jpg	171206_030016925_Camera_6_instanceIds.png
171206_030017043_Camera_6.jpg	171206_030017043_Camera_6_instanceIds.png
171206_030017161_Camera_6.jpg	171206_030017161_Camera_6_instanceIds.png
171206_030017279_Camera_6.jpg	171206_030017279_Camera_6_instanceIds.png
171206_030017397_Camera_6.jpg	171206_030017397_Camera_6_instanceIds.png
171206_030017515_Camera_6.jpg	171206_030017515_Camera_6_instanceIds.png
171206_030017633_Camera_6.jpg	171206_030017633_Camera_6_instanceIds.png
171206_030017751_Camera_6.jpg	171206_030017751_Camera_6_instanceIds.png
171206_030017869_Camera_6.jpg	171206_030017869_Camera_6_instanceIds.png
171206_030017987_Camera_6.jpg	171206_030017987_Camera_6_instanceIds.png
171206_030018105_Camera_6.jpg	171206_030018105_Camera_6_instanceIds.png
171206_030018223_Camera_6.jpg	171206_030018223_Camera_6_instanceIds.png
171206_030018341_Camera_6.jpg	171206_030018341_Camera_6_instanceIds.png
171206_030018459_Camera_6.jpg	171206_030018459_Camera_6_instanceIds.png
171206_030018577_Camera_6.jpg	171206_030018577_Camera_6_instanceIds.png
171206_030018695_Camera_6.jpg	171206_030018695_Camera_6_instanceIds.png
171206_030018813_Camera_6.jpg	171206_030018813_Camera_6_instanceIds.png
171206_030018931_Camera_6.jpg	171206_030018931_Camera_6_instanceIds.png
171206_030019049_Camera_6.jpg	171206_030019049_Camera_6_instanceIds.png
171206_030019167_Camera_6.jpg	171206_030019167_Camera_6_instanceIds.png
171206_030019285_Camera_6.jpg	171206_030019285_Camera_6_instanceIds.png
171206_030019403_Camera_6.jpg	171206_030019403_Camera_6_instanceIds.png
171206_030019521_Camera_6.jpg	171206_030019521_Camera_6_instanceIds.png
171206_030019639_Camera_6.jpg	171206_030019639_Camera_6_instanceIds.png
171206_030019757_Camera_6.jpg	171206_030019757_Camera_6_instanceIds.png
171206_030019875_Camera_6.jpg	171206_030019875_Camera_6_instanceIds.png
171206_030019993_Camera_6.jpg	171206_030019993_Camera_6_instanceIds.png
171206_030020111_Camera_6.jpg	171206_030020111_Camera_6_instanceIds.png
171206_030020229_Camera_6.jpg	171206_030020229_Camera_6_instanceIds.png
171206_030020347_Camera_6.jpg	171206_030020347_Camera_6_instanceIds.png
171206_030020465_Camera_6.jpg	171206_030020465_Camera_6_instanceIds.png
171206_030020583_Camera_6.jpg	171206_030020583_Camera_6_instanceIds.png
171206_030020701_Camera_6.jpg	171206_030020701_Camera_6_instanceIds.png
171206_030020819_Camera_6.jpg	171206_030020819_Camera_6_instanceIds.png
171206_030020937_Camera_6.jpg	171206_030020937_Camera_6_instanceIds.png
171206_030021055_Camera_6.jpg	171206_030021055_Camera_6_instanceIds.png
171206_030021173_Camera_6.jpg	171206_030021173_Camera_6_instanceIds.png
171206_030021291_Camera_6.jpg	171206_030021291_Camera_6_instanceIds.png
171206_030021409_Camera_6.jpg	171206_030021409_Camera_6_instanceIds.png
171206_030021527_Camera_6.jpg	171206_030021527_Camera_6_instanceIds.png
171206_030021645_Camera_6.jpg	171206_030021645_Camera_6_instanceIds.png
171206_030021763_Camera_6.jpg	171206_030021763_Camera_6_instanceIds.png
171206_030021881_Camera_6.jpg	171206_030021881_Camera_6_instanceIds.png
171206_030021999_Camera_6.jpg	171206_030021999_Camera_6_instanceIds.png
171206_030022117_Camera_6.jpg	171206_030022117_Camera_6_instanceIds.png
171206_030022235_Camera_6.jpg	171206_030022235_Camera_6_instanceIds.png
171206_030022353_Camera_6.jpg	171206_030022353_Camera_6_instanceIds.png
171206_030022471_Camera_6.jpg	171206_030022471_Camera_6_instanceIds.png
171206_030022589_Camera_6.jpg	171206_030022589_Camera_6_instanceIds.png
171206_030022707_Camera_6.jpg	171206_030022707_Camera_6_instanceIds.png
171206_030022825_Camera_6.jpg	171206_030022825_Camera_6_instanceIds.png
171206_030022943_Camera_6.jpg	171206_030022943_Camera_6_instanceIds.png
171206_030023061_Camera_6.jpg	171206_030023061_Camera_6_instanceIds.png
171206_030023179_Camera_6.jpg	171206_030023179_Camera_6_instanceIds.png
171206_030023297_Camera_6.jpg	171206_030023297_Camera_6_instanceIds.png
171206_030023415_Camera_6.jpg	171206_030023415_Camera_6_instanceIds.png
171206_030023533_Camera_6.jpg	171206_030023533_Camera_6_instanceIds.png
171206_030023651_Camera_6.jpg	171206_030023651_Camera_6_instanceIds.png
171206_030023769_Camera_6.jpg	171206_030023769_Camera_6_instanceIds.png
171206_030023887_Camera_6.jpg	171206_030023887_Camera_6_instanceIds.png
171206_030024005_Camera_6.jpg	171206_030024005_Camera_6_instanceIds.png
171206_030024123_Camera_6.jpg	171206_030024123_Camera_6_instanceIds.png
171206_030024241_Camera_6.jpg	171206_030024241_Camera_6_instanceIds.png
171206_030024359_Camera_6.jpg	171206_030024359_Camera_6_instanceIds.png
171206_030024477_Camera_6.jpg	171206_030024477_Camera_6_instanceIds.png
171206_030024595_Camera_6.jpg	171206_030024595_Camera_6_instanceIds.png
171206_030024713_Camera_6.jpg	171206_030024713_Camera_6_instanceIds.png
171206_030024831_Camera_6.jpg	171206_030024831_Camera_6_instanceIds.png
171206_030024949_Camera_6.jpg	171206_030024949_Camera_6_instanceIds.png
171206_030025067_Camera_6.jpg	171206_030025067_Camera_6_instanceIds.png
171206_030025185_Camera_6.jpg	171206_030025185_Camera_6_instanceIds.png
171206_030025303_Camera_6.jpg	171206_030025303_Camera_6_instanceIds.png
171206_030025421_Camera_6.jpg	171206_030025421_Camera_6_instanceIds.png
171206_030025539_Camera_6.jpg	171206_030025539_Camera_6_instanceIds.png
171206_030025657_Camera_6.jpg	171206_030025657_Camera_6_instanceIds.png
171206_030025775_Camera_6.jpg	171206_030025775_Camera_6_instanceIds.png
171206_030025893_Camera_6.jpg	171206_030025893_Camera_6_instanceIds.png
171206_030026011_Camera_6.jpg	171206_030026011_Camera_6_instanceIds.png
171206_030026129_Camera_6.jpg	171206_030026129_Camera_6_instanceIds.png
171206_030026247_Camera_6.jpg	171206_030026247_Camera_6_instanceIds.png
171206_030026365_Camera_6.jpg	171206_030026365_Camera_6_instanceIds.png
171206_030026483_Camera_6.jpg	171206_030026483_Camera_6_instanceIds.png
171206_030026601_Camera_6.jpg	171206_030026601_Camera_6_instanceIds.png
171206_030026719_Camera_6.jpg	171206_030026719_Camera_6_instanceIds.png
171206_030026837_Camera_6.jpg	171206_030026837_Camera_6_instanceIds.png
171206_030026955_Camera_6.jpg	171206_030026955_Camera_6_instanceIds.png
171206_030027073_Camera_6.jpg	171206_030027073_Camera_6_instanceIds.png
171206_030027191_Camera_6.jpg	171206_030027191_Camera_6_instanceIds.png
171206_030027309_Camera_6.jpg	171206_030027309_Camera_6_instanceIds.png
171206_030027427_Camera_6.jpg	171206_030027427_Camera_6_instanceIds.png
171206_030027545_Camera_6.jpg	171206_030027545_Camera_6_instanceIds.png
171206_030027663_Camera_6.jpg	171206_030027663_Camera_6_instanceIds.png
171206_030027781_Camera_6.jpg	171206_030027781_Camera_6_instanceIds.png
171206_030027899_Camera_6.jpg	171206_030027899_Camera_6_instanceIds.png
171206_030028017_Camera_6.jpg	171206_030028017_Camera_6_instanceIds.png
171206_030028135_Camera_6.jpg	171206_030028135_Camera_6_instanceIds.png
171206_030028253_Camera_6.jpg	171206_030028253_Camera_6_instanceIds.png
171206_030028371_Camera_6.jpg	171206_030028371_Camera_6_instanceIds.png
171206_030028489_Camera_6.jpg	171206_030028489_Camera_6_instanceIds.png
171206_030028607_Camera_6.jpg	171206_030028607_Camera_6_instanceIds.png
171206_030028725_Camera_6.jpg	171206_030028725_Camera_6_instanceIds.png
171206_030028843_Camera_6.jpg	171206_030028843_Camera_6_instanceIds.png
171206_030028961_Camera_6.jpg	171206_030028961_Camera_6_instanceIds.png
171206_030029079_Camera_6.jpg	171206_030029079_Camera_6_instanceIds.png
171206_030029197_Camera_6.jpg	171206_030029197_Camera_6_instanceIds.png
171206_030029315_Camera_6.jpg	171206_030029315_Camera_6_instanceIds.png
171206_030029433_Camera_6.jpg	171206_030029433_Camera_6_instanceIds.png
171206_030029551_Camera_6.jpg	171206_030029551_Camera_6_instanceIds.png
171206_030029669_Camera_6.jpg	171206_030029669_Camera_6_instanceIds.png
171206_030029787_Camera_6.jpg	171206_030029787_Camera_6_instanceIds.png
171206_030029905_Camera_6.jpg	171206_030029905_Camera_6_instanceIds.png
171206_030030023_Camera_6.jpg	171206_030030023_Camera_6_instanceIds.png
171206_030030141_Camera_6.jpg	171206_030030141_Camera_6_instanceIds.png
171206_030030259_Camera_6.jpg	171206_030030259_Camera_6_instanceIds.png
171206_030030377_Camera_6.jpg	171206_030030377_Camera_6_instanceIds.png
171206_030030495_Camera_6.jpg	171206_030030495_Camera_6_instanceIds.png
171206_030030613_Camera_6.jpg	171206_030030613_Camera_6_instanceIds.png
171206_030030731_Camera_6.jpg	171206_030030731_Camera_6_instanceIds.png
171206_030030849_Camera_6.jpg	171206_030030849_Camera_6_instanceIds.png
171206_030030967_Camera_6.jpg	171206_030030967_Camera_6_instanceIds.png
171206_030031085_Camera_6.jpg	171206_030031085_Camera_6_instanceIds.png
171206_030031202_Camera_6.jpg	171206_030031202_Camera_6_instanceIds.png
171206_030031320_Camera_6.jpg	171206_030031320_Camera_6_instanceIds.png
171206_030031438_Camera_6.jpg	171206_030031438_Camera_6_instanceIds.png
171206_030031556_Camera_6.jpg	171206_030031556_Camera_6_instanceIds.png
171206_030031674_Camera_6.jpg	171206_030031674_Camera_6_instanceIds.png
171206_030031792_Camera_6.jpg	171206_030031792_Camera_6_instanceIds.png
171206_030031910_Camera_6.jpg	171206_030031910_Camera_6_instanceIds.png
171206_030032028_Camera_6.jpg	171206_030032028_Camera_6_instanceIds.png
171206_030032146_Camera_6.jpg	171206_030032146_Camera_6_instanceIds.png
171206_030032264_Camera_6.jpg	171206_030032264_Camera_6_instanceIds.png
171206_030032382_Camera_6.jpg	171206_030032382_Camera_6_instanceIds.png
